algorithm,input_size,time_sec,memory_kb,operations
Linear Search,100,9.024000000579235e-06,0.1640625,100
Binary Search,100,2.813999998352301e-06,0.0234375,6
Linear Search,1000,0.0004668129999991777,0.20703125,1000
Binary Search,1000,5.22699999905285e-06,0.09375,9
Linear Search,10000,0.006784076999998945,0.20703125,10000
Binary Search,10000,1.1126000000416525e-05,0.125,13
Linear Search,50000,0.030613498000001016,0.20703125,50000
Binary Search,50000,1.6904999998956782e-05,0.125,15
Single Loop Traversal,100,3.0025000000932778e-05,0.1015625,100
Single Loop Traversal,500,0.00022281699999382454,0.1328125,500
Single Loop Traversal,1000,0.0004874969999946188,0.1328125,1000
Single Loop Traversal,2000,0.0012386599999985037,0.1328125,2000
Single Loop Traversal,5000,0.002925288000000137,0.1328125,5000
Single Loop Traversal,10000,0.005890653999998108,0.1328125,10000
Single Loop Traversal,50000,0.03765780000000518,0.140625,50000
Nested Loop Traversal,100,0.0035339660000062167,0.15625,10000
Nested Loop Traversal,500,0.1275955339999939,0.28125,250000
Nested Loop Traversal,1000,0.5819594959999961,0.25,1000000
Nested Loop Traversal,2000,2.493277225,0.28125,4000000
Nested Loop Traversal,5000,16.302281791,1.53125,25000000
Recursive Factorial,100,6.55890000018644e-05,0.1953125,100
Iterative Factorial,100,3.508300000021336e-05,0.234375,100
Recursive Factorial,500,0.0012216760000001159,8.08984375,500
Iterative Factorial,500,0.00025473499999861815,1.10546875,500
Recursive Factorial,900,0.003796205000000441,20.58984375,900
Iterative Factorial,900,0.0005464360000004831,2.08984375,900
Recursive Factorial,1000,0.004974816000000715,23.71484375,1000
Iterative Factorial,1000,0.0006422909999983517,2.34375,1000
